asset_id,asset_type,game_combination,project_name,creator,original_source_url,source_platform,date_discovered,original_resolution,duration_seconds,duration_text,rights_status,rights_license_status,recorded_by_us,permission_required,exact_attribution_required,description,quality_rating,recommended_crt_timestamps,technical_method,acquired,local_file,blocking_reason,notes
skycraft-youtube-demo,creator_demo,Minecraft × Skyrim,SkyCraft,chasm / chasmlol,https://youtu.be/FyBL8atiZSE,YouTube,2026-10-04,1080p reported,404,~6:44 reported,YELLOW,"No Creative Commons/reuse licence established for the recording; repo code is MIT, video is separate copyright",false,true,Credit chasm/chasmlol; link SkyCraft repo and original upload; confirm wording with creator if permission granted,"Minecraft physics, HUD, blocks, TNT and movement operating in Skyrim; strong Elytra/TNT/block interaction moments",EXCELLENT,00:42–00:53 reported for Elytra; also mine/place/TNT moments,passthrough,false,,"Publicly viewable recording, but no affirmative self-host/edit licence located",Prefer fresh capture from SkyCraft v0.1.2 instead of rehosting this recording.
skycraft-x-original,creator_social_demo,Minecraft × Skyrim,SkyCraft,chasm / chasmlol,https://x.com/chasmmmmmmmmmmm/status/2105046595548967150,X,2026-10-04,unknown,,unknown,YELLOW,No redistribution licence established,false,true,Credit chasm/chasmlol and link original post,Original SkyCraft-era creator clip,EXCELLENT,Select 6–12 s where Minecraft action visibly alters Skyrim,passthrough,false,,Permission required for downloaded/edited/self-hosted use,"Platform embed may be possible, but that is not the requested self-hosted master."
gta5-minecraft-rehan-demo,developer_demo_reference,Minecraft × GTA V,Minecraft GTA V Passthrough / Universal Modder,Rehan Sheikh / rehan-remade,https://github.com/rehan-remade/universal-modder/tree/main/examples/minecraft-gta5-passthrough,GitHub / creator demo trail,2026-10-04,1080p director configured in project,,demo recording exists; exact public master duration not established,YELLOW,Universal Modder code is MIT; creator gameplay recording reuse permission not established,false,true,Credit Rehan Sheikh / rehan-remade and Universal Modder; link repository,"Minecraft rendered into Los Santos; TNT/Creepers trigger GTA explosions, mobs fight police, Elytra drives movement",EXCELLENT,TNT/Creeper → car explosion; Elytra over Los Santos; mobs vs police,cross-render / cross-simulation bridge,false,,No affirmative media reuse licence; clean self-capture requires owned GTA V Legacy + Minecraft and Windows environment,Repo contains video director/recording/cutting tooling but no accessible licensed gameplay master was obtained here.
2010-longform-demo,creator_demo,Skate 3 × Modern Warfare 2 / Minecraft × MW2 / triple mashup,2010 Rust Rewrite Mashup,chasm / chasmlol,https://www.youtube.com/watch?v=9UbADrcEW5w,YouTube,2026-10-04,1080p+ reported,,long-form source; exact duration not relied on,YELLOW,Repo is Apache-2.0; gameplay recording has no reuse licence established,false,true,"Credit chasm/chasmlol, 2010 Rust Rewrite Mashup and upstream IW4L/SK8 contributors as appropriate",Skate physics in MW2 and Minecraft world integrated with MW2 weapons/HUD,EXCELLENT,6–12 s grind/trick; MW2 gun vs Minecraft mob/block; triple sequence ending in block-edge grind,rewrite/fusion,false,,Permission required to edit/rehost creator video,Prefer self-record v0.4.0.
2010-triple-x,creator_social_demo,Minecraft × Skate 3 × Modern Warfare 2,2010 Rust Rewrite Mashup,chasm / chasmlol,https://x.com/chasmmmmmmmmmmm/status/2104646160879141075,X,2026-10-04,unknown,,unknown,YELLOW,No media reuse licence established,false,true,Credit chasm/chasmlol and project,Triple mashup creator clip,EXCELLENT,MW2 weapon in Minecraft → skate mode → grind Minecraft block edge,rewrite/fusion,false,,Permission required,v0.4.0 supports grindable Minecraft block edges.
2010-mc-mw2-x,creator_social_demo,Minecraft × Modern Warfare 2,2010 Rust Rewrite Mashup,chasm / chasmlol,https://x.com/chasmmmmmmmmmmm/status/2105463861101162727,X,2026-10-04,unknown,,unknown,YELLOW,No media reuse licence established,false,true,Credit chasm/chasmlol and project,MW2 weapons and systems interacting with Minecraft villagers/world,EXCELLENT,"Shoot mob/block with MW2 weapon, grenade/TNT destruction",rewrite/fusion,false,,Permission required,Self-recording is preferred.
tobyn-minecraft-eldenring-1,creator_social_demo,Minecraft × Elden Ring,Minecraft in Elden Ring,Tobyn Jacobs / @TobynJacobs,https://x.com/TobynJacobs/status/2104884843297599594,X,2026-10-04,1080p/HD reported by secondary coverage,120,~2 min original demonstration reported,YELLOW,No public source/media reuse licence established,false,true,Credit Tobyn Jacobs and link original X post,Minecraft UI/items/player and building systems inside Elden Ring,EXCELLENT,First unmistakable Steve/Minecraft HUD + Elden Ring enemy/landscape interaction,other / creator implementation,false,,Creator permission required,Separate MIT minecraft-crossover-bridge now offers a reproducible Minecraft×Elden Ring capture path on Apple Silicon.
tobyn-minecraft-eldenring-2,creator_social_demo,Minecraft × Elden Ring,Minecraft in Elden Ring,Tobyn Jacobs / @TobynJacobs,https://x.com/TobynJacobs/status/2104890394391748951,X,2026-10-04,unknown,,unknown,YELLOW,No media reuse licence established,false,true,Credit Tobyn Jacobs and link original X post,Follow-up Minecraft × Elden Ring demonstration,EXCELLENT,Combat interaction showing both game identities simultaneously,other / creator implementation,false,,Creator permission required,
swirly-minecraft-mario64,creator_social_demo,Minecraft × Super Mario 64,Minecraft inside Mario 64,Swirly / @SwirlyWasTaken,https://x.com/SwirlyWasTaken,X,2026-10-04,unknown,,short creator demo; exact duration/status URL unresolved in this pass,YELLOW,Creator announced future breakdown/release; no media reuse licence located,false,true,Credit Swirly / @SwirlyWasTaken and link exact original post once resolved,Mario 64 and Minecraft building/mining shown together,EXCELLENT,6–10 s with Mario/SM64 geometry plus unmistakable Minecraft building/mining,embedded/ported game,false,,Permission required; exact original status URL should be resolved before publication,Do not substitute reposts.
luckey-bo2-minecraft,creator_social_demo,Call of Duty: Black Ops II × Minecraft,Hijacked in Minecraft,Luckey Faraday / @luckeyfaraday,https://x.com/luckeyfaraday,X,2026-10-04,HD reported,,short creator demo,YELLOW,Minecraft Fabric port remains demo/WIP; no self-hosting video permission located,false,true,Credit Luckey Faraday; link exact 17 Sep 2026 X post when permission obtained,"Hijacked geometry, collision, bots, navmesh, weapons and rendering run directly in Minecraft OpenGL context",GOOD–EXCELLENT,6–10 s where BO2 gun/Hijacked action and Minecraft context/UI are simultaneously visible,embedded/ported game,false,,Creator permission required; public Minecraft build not located,"Public reporting confirms the native Minecraft demo, but reporting copies are not a reuse licence."
infernoplus-morrowind-eldenring,creator_video,Morrowind × Elden Ring,JortPob / Morrowind port to Elden Ring,InfernoPlus,https://www.youtube.com/watch?v=n89NFtIUWDI,YouTube,2026-10-04,HD,,long-form video,YELLOW,No video reuse licence established; current JortPob repo has no detected licence,false,true,Credit InfernoPlus and link original YouTube video/project,Morrowind locations and RPG systems operating in Elden Ring host,EXCELLENT,8–15 s entering recognisable Morrowind location or interacting with Morrowind-style NPC/system in Elden Ring,world/mechanics transplant,false,,Creator permission required for edited/self-hosted use,"Current public source repo exists, but lack of explicit repo licence means do not mirror it."
arkweb-youtube,creator_video,Marvel’s Spider-Man Remastered × Batman: Arkham Knight,ArkWeb,luki-1,https://www.youtube.com/watch?v=O6Mkm_NGCX8,YouTube,2026-10-04,unknown,,unknown,YELLOW,ArkWeb repository is public but has no detected licence; video reuse permission not established,false,true,Credit luki-1 / ArkWeb and link repository + original video,Spider-Man Remastered web-swinging physics/presentation in Arkham Knight Gotham while both games run,EXCELLENT,8–15 s swinging through unmistakable Gotham; optionally transition back to Arkham combat,passthrough / cross-simulation bridge,false,,Permission required; repo has no licence and recording has no reuse licence established,New credible branch discovered 4 Oct 2026.
skytarkov-viral,social_lead,Escape from Tarkov × Skyrim,SkyTarkov (working label),Unresolved; VeryBadSCAV is a provenance lead,https://www.tiktok.com/@verybadscavreal/video/7691259693565725959,TikTok,2026-10-04,unknown,,unknown,RED,Authorship/provenance unresolved; no reuse permission,false,true,Do not publish until underlying technical creator and rights holder are established,Reported Tarkov weapon/animation/mechanics in Skyrim scenery,USABLE pending verification,None until provenance verified,unknown,false,,Reference only: provenance and rights unresolved,Do not rip TikTok/reposts.
cod-mario64-lead,social_lead,Call of Duty × Mario 64,Unresolved,Unresolved,UNRESOLVED,social lead,2026-10-04,unknown,,unknown,RED,Unknown,false,true,Unknown; resolve creator first,Current social-discussion lead claiming COD mechanics in Mario 64 geometry,UNKNOWN,None,unknown,false,,Reference only; original source/creator not satisfactorily traced,
cod-zombies-mariokart-lead,social_lead,Call of Duty Zombies × Mario Kart,Unverified lead,Unresolved,UNRESOLVED,social/news mention,2026-10-04,unknown,,unknown,RED,Unknown; exact implementation not verified,false,true,Unknown,"Reported combination, but no sufficiently credible original developer/source established",POOR/UNKNOWN,None,unknown,false,,Reference only: technical provenance not verified,Do not label as confirmed merely because adjacent COD/Mario mashups exist.
