id,combination,project,creator,repo,release,code_rights,capture_basis,runtime,target_minutes,shots,method,status_after_capture
cap-skycraft,Minecraft × Skyrim,SkyCraft v0.1.2,chasm / chasmlol,https://github.com/chasmlol/SkyCraft,https://github.com/chasmlol/SkyCraft/releases/tag/v0.1.2,MIT,Fresh project-owned recording from legitimately owned Skyrim SE + Minecraft,Windows; Skyrim SE AE runtime + SKSE64 + Address Library + Minecraft Java account,4.0,Block placement around NPCs; mine Skyrim terrain; TNT/Creeper crater; Elytra traversal; Minecraft sword vs Skyrim NPC,passthrough,GREEN (recording-owned; retain project/publisher attribution and review game-platform terms)
cap-gta5,Minecraft × GTA V,Universal Modder minecraft-gta5-passthrough,Rehan Sheikh / rehan-remade,https://github.com/rehan-remade/universal-modder/tree/main/examples/minecraft-gta5-passthrough,,MIT,Fresh recording using repository director/recorder,Windows 10/11 + WSL; GTA V Legacy Steam/story; ScriptHookV; ReShade; Minecraft Java 26.3/Fabric,4.0,TNT/Creeper vs car; Elytra over Los Santos; mobs vs police; Minecraft wall stops GTA traffic; Nether/fire interaction,cross-render / cross-simulation bridge,GREEN (recording-owned; review game-platform terms)
cap-mw2-minecraft,Minecraft × Modern Warfare 2,2010 Rust Rewrite Mashup v0.4.0,chasm / chasmlol,https://github.com/chasmlol/2010-rust-rewrite-mashup,https://github.com/chasmlol/2010-rust-rewrite-mashup/releases/tag/v0.4.0,Apache-2.0,Fresh recording from official release using owned MW2,Windows x64 + legitimate MW2 Steam installation,3.0,MW2 gun vs Minecraft mob; shoot/break blocks; grenades as TNT; hotbar/inventory with MW2 weapons,rewrite/fusion,GREEN (recording-owned; preserve project attribution)
cap-skate-mw2,Skate 3 × Modern Warfare 2,2010 Rust Rewrite Mashup v0.4.0,chasm / chasmlol,https://github.com/chasmlol/2010-rust-rewrite-mashup,https://github.com/chasmlol/2010-rust-rewrite-mashup/releases/tag/v0.4.0,Apache-2.0,Fresh recording using owned MW2 and owned Skate 3 extraction,Windows x64; MW2 Steam; user-owned Skate 3 Xbox 360 default.xex + data; controller,3.0,Kickflip/grind through classic MW2 environment; board + MW2 HUD/weapons visible,rewrite/fusion,GREEN (recording-owned; preserve project/upstream attribution)
cap-triple,Minecraft × Skate 3 × Modern Warfare 2,2010 Rust Rewrite Mashup v0.4.0,chasm / chasmlol,https://github.com/chasmlol/2010-rust-rewrite-mashup,https://github.com/chasmlol/2010-rust-rewrite-mashup/releases/tag/v0.4.0,Apache-2.0,Fresh recording using legitimate dependencies,"Same as Skate×MW2, Minecraft world supplied by mashup runtime requirements",3.0,MW2 weapon in Minecraft → switch to skate mode → grind Minecraft block edge; grenade/block destruction while skating,rewrite/fusion,GREEN (recording-owned)
cap-libertycraft,Minecraft × GTA IV,LibertyCraft,mrborghini,https://github.com/mrborghini/libertycraft,,MIT,Fresh recording from MIT project,Documented GTA IV + real Minecraft Java passthrough setup; follow repo instructions and use legitimately owned games,4.0,Minecraft blocks in Liberty City; TNT/car interaction; driving past Minecraft structures; combat both ways,passthrough,GREEN (recording-owned; review publisher/platform terms)
cap-er-bridge,Minecraft × Elden Ring,minecraft-crossover-bridge (Elden Ring),justbustin,https://github.com/justbustin/minecraft-crossover-bridge,,MIT,Fresh recording from MIT project,Apple Silicon Mac + CrossOver; owned Elden Ring supported build + Minecraft Java/Fabric,3.0,Steve/Minecraft HUD fighting Elden Ring enemy; build blocks on ER collision; TNT damage; occlusion against ER geometry,passthrough / cross-render bridge,GREEN (recording-owned; review platform terms)
cap-mhw-bridge,Minecraft × Monster Hunter: World,minecraft-crossover-bridge (MHW),justbustin,https://github.com/justbustin/minecraft-crossover-bridge,,MIT,Fresh recording from MIT project,Apple Silicon Mac + CrossOver; owned Monster Hunter: World supported build + Minecraft Java/Fabric,3.0,Steve on MHW terrain; sword/TNT vs monster; Minecraft blocks occluded by MHW world; F8 handoff if useful,passthrough / cross-render bridge,GREEN (recording-owned; review platform terms)
cap-nucledoom,Doom × Minecraft,NucleDoom,Patbox,https://github.com/Patbox/nucledoom,,LGPL-3.0 for code/non-WAD assets; bundled WAD licences separate,Fresh recording using permitted Freedoom/shareware path plus legitimately used Minecraft client,"Minecraft + Fabric/NucleDoom; use Freedoom or appropriately licensed/shareware WAD, not pirated retail WAD",2.0,Doom gameplay visibly presented/controlled inside Minecraft context; show transition/context so crossover is obvious,embedded/ported game,GREEN if only permitted WAD/content path is used and recording is project-owned
cap-doomhytale,Doom × Hytale,DoomMaps,ssquadteam,https://github.com/ssquadteam/DoomMaps,,GPL-3.0,Fresh recording from GPL project with permitted Doom shareware content,Hytale environment per project setup + Doom shareware WAD,2.0,DOOM map/gameplay rendered against Hytale world-map context; movement/action controls visible,embedded/ported game,GREEN if runtime/content terms allow recording and only permitted WAD is used
